semana_inicio,anio,semana_iso,ventas_netas,inv_paid_search,inv_social_paid,inv_video_online,inv_display,inv_email_crm,inv_exterior,inv_prensa,inv_radio_local,sesiones_web,visitas_tienda,payday_flag,rebajas_flag,black_friday_flag,navidad_flag,semana_santa_flag,vacaciones_escolares_flag,festivo_local_flag,temperatura_media_c,lluvia_indice,turismo_indice
2020-01-06,2020,2,1744807.79,32256.04,26864.09,27065.87,12249.83,7430.35,21872.71,12566.69,17578.2,11246,2497,0,1,0,0,0,0,0,9.957142857142857,59.28285714285715,31.35285714285714
2020-01-13,2020,3,1743767.43,38551.67,24575.52,21375.62,10468.85,9060.7,17893.72,12657.93,14986.02,11416,2246,0,1,0,0,0,0,0,9.564285714285715,58.067142857142855,29.391428571428573
2020-01-20,2020,4,1748775.45,34055.659999999996,20363.2,21655.77,12252.289999999999,5438.46,17988.05,13077.65,12869.67,11289,2375,1,1,0,0,0,0,0,10.07857142857143,58.97714285714285,27.392857142857142
2020-01-27,2020,5,1771293.4,28396.86,23534.38,23193.28,10693.32,7813.4,16907.84,12349.28,13831.8,10023,2221,1,1,0,0,0,0,0,10.471428571428572,60.731428571428566,26.728571428571428
2020-02-03,2020,6,1771972.59,30090.34,23489.9,23911.76,13393.52,6604.51,15698.029999999999,10067.28,13842.48,9078,1725,1,1,0,0,0,0,0,11.91,59.268571428571434,28.44857142857143
2020-02-10,2020,7,1768890.32,22108.06,21297.69,16913.66,10903.46,6215.91,11828.65,13532.720000000001,14647.41,11786,1797,0,1,0,0,0,0,0,13.057142857142857,57.879999999999995,28.79
2020-02-17,2020,8,1749785.11,31612.48,22659.03,21104.96,13646.43,5806.5199999999995,17085.61,12387.06,14060.93,13548,1741,0,0,0,0,0,0,0,13.362857142857143,58.49,29.114285714285714
2020-02-24,2020,9,1780119.84,24761.45,24940.37,21741.420000000002,8370.62,5380.82,16349.19,10730.72,12175.19,11718,1753,1,0,0,0,0,0,0,14.605714285714285,56.62714285714286,30.284285714285716
2020-03-02,2020,10,1767092.71,24753.66,20506.99,15623.48,10189.39,5740.99,12739.91,12853.39,16371.96,13153,1879,1,0,0,0,0,0,0,15.514285714285714,57.138571428571424,27.547142857142855
2020-03-09,2020,11,1760710.07,33435.99,23446.85,22296.03,14336.380000000001,7771.58,16136.65,14386.39,12512.33,14535,1683,0,0,0,0,0,0,1,16.814285714285713,54.58714285714286,29.504285714285718
2020-03-16,2020,12,1768317.24,27437.19,21335.21,15109.92,9439.83,7852.820000000001,11697.62,10057.95,10705.779999999999,14008,1828,0,0,0,0,0,0,1,17.62857142857143,52.97571428571429,29.482857142857146
2020-03-23,2020,13,1760584.38,25514.52,27466.87,18511.68,9108.18,6038.19,16529.3,11806.01,14988.17,12279,1673,1,0,0,0,0,0,0,18.684285714285714,54.285714285714285,27.934285714285714
2020-03-30,2020,14,1750139.74,26665.82,21151.0,17570.1,9430.82,5760.14,15976.279999999999,11467.26,16268.42,13061,1824,1,0,0,0,1,1,0,20.365714285714283,51.832857142857144,28.177142857142858
2020-04-06,2020,15,1757254.66,24587.03,19158.59,20145.09,9915.67,6577.95,13854.26,11660.92,9606.84,15347,2024,0,0,0,0,1,1,0,20.61857142857143,49.40285714285714,29.75857142857143
2020-04-13,2020,16,1777196.86,24125.38,20732.99,16546.829999999998,9361.0,5219.78,10282.59,9805.38,11190.1,14465,1743,0,0,0,0,0,0,1,21.822857142857142,47.80571428571429,27.310000000000002
2020-04-20,2020,17,1782651.18,29224.6,23562.53,18834.25,7993.54,6271.17,15990.630000000001,11855.62,17732.83,15434,1853,1,0,0,0,0,0,1,22.68,43.361428571428576,29.662857142857145
2020-04-27,2020,18,1785623.8,24792.690000000002,19370.45,16687.79,11076.08,5685.67,11859.49,11720.35,13193.97,13471,1805,1,0,0,0,0,0,0,23.35,45.17285714285714,27.72142857142857
2020-05-04,2020,19,1772906.41,25157.73,25575.19,15973.75,8842.63,7914.650000000001,15274.81,9413.3,13519.95,13407,1666,1,0,0,0,0,0,0,23.65,40.07714285714286,28.627142857142857
2020-05-11,2020,20,1752795.75,25872.77,22076.3,16512.25,11205.03,3889.86,13668.52,10894.63,14245.3,15112,1581,0,0,0,0,0,0,0,24.38285714285714,42.64857142857143,31.821428571428573
2020-05-18,2020,21,1735444.11,21165.9,15579.0,15619.7,10709.92,5235.8099999999995,12271.57,9485.59,10775.25,13869,1837,0,0,0,0,0,0,0,24.767142857142858,37.95142857142857,27.810000000000002
2020-05-25,2020,22,1738230.77,24907.17,17037.67,13580.68,8442.05,4804.34,10993.789999999999,13461.93,12610.68,12428,1658,1,0,0,0,0,0,0,25.571428571428573,37.434285714285714,26.925714285714285
2020-06-01,2020,23,1780238.17,25302.15,24226.71,16525.3,11146.89,5588.31,13182.49,11433.78,13501.92,13079,1545,1,0,0,0,0,0,0,25.641428571428573,37.05,72.49714285714286
2020-06-08,2020,24,1799266.96,21732.15,19956.6,17272.0,8895.380000000001,7132.58,15456.61,8379.42,11290.529999999999,14434,1547,0,0,0,0,0,0,0,25.57857142857143,34.95142857142857,74.70714285714286
2020-06-15,2020,25,1753914.1,23893.66,18872.49,19391.04,7870.67,4653.95,12628.31,11809.24,9829.0,13829,1492,0,0,0,0,0,0,1,26.124285714285715,33.07571428571429,73.96714285714286
2020-06-22,2020,26,1772195.94,26874.47,16923.24,17769.81,9378.42,4431.5599999999995,15393.04,11262.44,14891.73,12496,1508,1,0,0,0,0,0,1,25.734285714285715,31.08,69.50285714285714
2020-06-29,2020,27,1773950.49,19748.77,14282.11,12262.62,6248.6,3893.03,9241.35,11386.01,10344.19,11925,1967,1,1,0,0,0,1,0,25.214285714285715,28.214285714285715,74.0
2020-07-06,2020,28,1772946.88,55891.76,36568.58,28974.25,15232.24,10823.27,29729.48,22132.56,24486.4,12676,2279,0,1,0,0,0,1,0,24.85,28.16142857142857,72.73285714285714
2020-07-13,2020,29,1765067.86,48085.88,35454.66,27620.34,14422.65,10926.94,24195.85,18404.95,24322.04,12847,2201,0,1,0,0,0,1,0,25.045714285714286,31.504285714285718,73.80142857142857
2020-07-20,2020,30,1745500.74,33087.82,24338.19,23769.88,11612.68,8751.880000000001,23419.86,12747.539999999999,13225.83,12126,2159,1,1,0,0,0,1,0,23.807142857142857,29.504285714285718,75.75571428571428
2020-07-27,2020,31,1792956.34,35248.61,25632.82,22180.82,10608.76,6538.84,17189.75,9786.23,11125.5,11116,2030,1,1,0,0,0,1,0,23.72285714285714,30.045714285714283,73.74000000000001
2020-08-03,2020,32,1775115.97,32914.72,26714.559999999998,18656.34,12649.130000000001,7483.4,14855.539999999999,13951.69,15014.32,8541,1585,1,1,0,0,0,1,0,21.797142857142855,28.04,75.9342857142857
2020-08-10,2020,33,1789197.93,34292.26,28277.78,19399.13,13295.32,7410.54,18584.13,16421.89,16429.69,9102,1616,0,1,0,0,0,1,0,21.21142857142857,29.82857142857143,72.23714285714286
2020-08-17,2020,34,1752239.01,30204.01,25392.61,20562.08,12560.09,7494.74,19936.26,12028.15,14743.12,12992,1486,0,0,0,0,0,1,1,20.81714285714286,30.77857142857143,70.39428571428572
2020-08-24,2020,35,1762217.96,21992.17,18729.15,15653.75,7265.8,4398.8,12060.16,10296.630000000001,10848.41,12699,1459,1,0,0,0,0,1,1,19.560000000000002,29.764285714285716,71.41714285714285
2020-08-31,2020,36,1747197.06,21778.62,17190.97,13722.869999999999,7250.639999999999,5257.69,12292.78,7893.74,11822.27,14152,1795,1,0,0,0,0,1,0,19.175714285714285,34.00142857142857,36.51714285714286
2020-09-07,2020,37,1754857.4,27411.78,33213.53,23779.96,12123.91,7115.9,18700.26,17169.17,15972.72,16872,1798,0,0,0,0,0,0,0,17.987142857142857,30.954285714285717,29.73
2020-09-14,2020,38,1775536.74,18023.18,16342.06,13124.81,6808.53,3616.06,9599.89,8075.53,9881.89,14209,1741,0,0,0,0,0,0,0,16.66,33.64714285714286,28.82
2020-09-21,2020,39,1766722.22,29688.24,21920.26,18874.71,9899.6,5802.55,17005.670000000002,10475.33,13568.98,12730,1643,1,0,0,0,0,0,0,15.468571428571428,35.68,29.99142857142857
2020-09-28,2020,40,1766403.3,26553.06,26163.1,18878.96,10716.35,4392.76,18398.56,13044.69,15460.42,12960,1730,1,0,0,0,0,0,0,15.19857142857143,38.86714285714285,25.547142857142855
2020-10-05,2020,41,1738441.98,34796.04,22437.09,22218.2,11392.15,5203.89,18513.75,9259.85,14552.86,14395,1960,1,0,0,0,0,0,0,13.662857142857142,40.621428571428574,28.13
2020-10-12,2020,42,1780682.79,33224.97,23711.99,21335.52,12059.710000000001,9279.1,19546.11,12539.25,15104.16,15744,1794,0,0,0,0,0,0,0,12.718571428571428,40.864285714285714,27.531428571428574
2020-10-19,2020,43,1749953.04,30304.54,27028.49,19645.58,12590.1,6575.96,13675.55,11252.49,13820.38,15113,1731,1,0,0,0,0,0,0,12.002857142857144,44.361428571428576,27.220000000000002
2020-10-26,2020,44,1786566.45,27090.44,23571.760000000002,18965.31,11111.79,6888.69,15578.93,9890.630000000001,14685.76,14470,1908,1,0,0,0,0,0,0,11.595714285714287,44.34857142857143,28.66857142857143
2020-11-02,2020,45,1747737.44,28399.81,24468.3,21960.920000000002,8897.77,7220.55,13727.86,9811.51,16246.13,16137,2129,1,0,0,0,0,0,0,10.881428571428572,48.22571428571429,26.402857142857144
2020-11-09,2020,46,1755932.38,43985.64,32055.36,30487.98,12127.96,6618.53,23056.2,17086.74,24064.7,16089,2100,0,0,0,0,0,0,0,9.801428571428572,47.755714285714284,27.404285714285713
2020-11-16,2020,47,1755556.05,51754.06,43942.75,33831.340000000004,16966.39,16018.54,31706.32,22865.48,23728.0,14345,2070,0,0,1,0,0,0,0,9.26,48.89714285714286,27.844285714285714
2020-11-23,2020,48,1751220.08,34834.27,38042.7,26015.219999999998,15574.17,8354.57,17092.12,14907.85,22527.14,9714,2300,1,0,1,0,0,0,0,8.812857142857142,52.52428571428571,27.375714285714285
2020-11-30,2020,49,1766610.75,34728.38,29571.72,30720.64,11704.8,7631.4,18681.28,14547.53,15110.45,14363,2558,1,0,1,1,0,0,0,8.602857142857143,54.18142857142857,25.608571428571427
2020-12-07,2020,50,1753133.34,33072.75,28292.37,23144.31,14422.29,8488.81,18443.02,11607.16,17900.81,15506,2633,0,0,0,1,0,0,0,8.534285714285714,54.864285714285714,28.41
2020-12-14,2020,51,1764335.42,41467.96,32896.67,27087.52,16156.800000000001,9846.32,19486.55,12917.57,19939.92,14152,2608,0,0,0,1,0,1,0,8.647142857142857,55.68714285714285,26.637142857142855
2020-12-21,2020,52,1779872.93,35532.74,25886.09,32700.84,17536.010000000002,9501.45,19343.94,16643.010000000002,22228.91,15985,2318,1,0,0,1,0,1,0,8.742857142857142,58.64142857142857,28.00142857142857
2020-12-28,2020,53,2145667.98,39638.21,39573.54,26417.24,14022.34,7365.46,17942.25,18122.37,27518.82,17185,2409,1,0,0,0,0,1,0,8.65857142857143,56.62285714285714,26.104285714285712
2021-01-04,2021,1,2661219.74,57617.64,47633.4,35333.5,17212.55,13370.3,31107.7,20009.64,22626.72,13926,2456,1,1,0,0,0,0,0,9.024285714285716,59.37285714285715,28.557142857142857
2021-01-11,2021,2,2658052.83,55239.5,43235.11,33258.89,20508.73,11726.64,28802.239999999998,20430.04,30629.739999999998,12423,2346,0,1,0,0,0,0,0,9.475714285714284,58.07,28.954285714285714
2021-01-18,2021,3,2641187.04,58715.5,44117.8,37889.35,19694.64,13477.51,34003.06,23586.19,24962.04,12735,2380,0,1,0,0,0,0,0,10.447142857142856,59.658571428571435,27.584285714285716
2021-01-25,2021,4,2605796.55,53654.22,40898.39,28090.600000000002,14614.51,11611.4,26566.42,23883.43,24520.55,11712,2297,1,1,0,0,0,0,0,10.765714285714287,61.00714285714286,29.018571428571427
2021-02-01,2021,5,2654187.01,24151.6,21342.84,17677.18,10983.37,5547.07,13449.36,10823.85,10350.38,8691,1807,1,1,0,0,0,0,0,11.708571428571428,57.64857142857143,27.40714285714286
2021-02-08,2021,6,2645131.22,30310.45,21636.43,17654.12,13984.54,5264.860000000001,18166.47,10349.07,12852.869999999999,11156,1735,0,1,0,0,0,0,0,12.458571428571428,59.09714285714286,27.67142857142857
2021-02-15,2021,7,2646821.62,41592.42,33314.35,23934.32,11567.08,9051.36,22988.56,16743.06,18381.68,13840,1869,0,0,0,0,0,0,0,13.407142857142857,57.541428571428575,28.304285714285715
2021-02-22,2021,8,2649383.16,26044.06,25200.01,21808.010000000002,10418.98,6717.73,14313.23,14153.68,15243.54,13144,1913,1,0,0,0,0,0,0,14.26,56.52428571428571,29.164285714285715
2021-03-01,2021,9,2632623.72,42828.22,39770.4,35306.77,13106.17,11210.59,23594.69,16566.75,21896.77,14114,1947,1,0,0,0,0,0,0,14.927142857142858,57.35142857142857,29.64428571428571
2021-03-08,2021,10,2666274.29,42112.6,30988.86,22259.26,11875.13,9047.29,19372.5,14712.4,19599.18,14520,1670,0,0,0,0,0,0,1,16.18285714285714,55.76428571428571,28.86714285714286
2021-03-15,2021,11,2660038.27,38960.96,28824.8,22555.5,11209.27,9673.48,19688.49,14960.14,13808.52,14823,1905,0,0,0,0,0,0,1,17.04857142857143,53.121428571428574,26.374285714285715
2021-03-22,2021,12,2654472.95,44045.979999999996,35403.89,31256.83,16606.9,10575.55,20474.75,14754.95,24505.850000000002,12729,1859,1,0,0,0,1,1,0,18.13285714285714,52.182857142857145,28.63
2021-03-29,2021,13,2613702.64,41470.8,34882.56,26799.9,11353.89,8939.82,27269.96,17918.5,18822.91,15458,1944,1,0,0,0,1,1,0,19.664285714285715,53.65857142857143,30.56
2021-04-05,2021,14,2661814.73,33141.65,26553.96,24491.49,15049.27,7083.62,17291.63,15245.42,16653.29,16322,1900,1,0,0,0,0,0,0,20.33142857142857,50.76428571428571,30.082857142857147
2021-04-12,2021,15,2651683.68,48967.229999999996,45182.24,26715.04,17754.86,12408.45,25090.15,19168.71,28695.09,16117,1959,0,0,0,0,0,0,1,21.691428571428574,47.40285714285714,28.32714285714286
2021-04-19,2021,16,2626359.81,39438.32,34107.64,24519.81,15366.85,11344.16,24547.9,20216.08,19126.25,14148,1878,1,0,0,0,0,0,1,22.625714285714285,48.488571428571426,31.65
2021-04-26,2021,17,2630482.35,52374.4,39002.15,33437.14,17269.93,8583.37,30436.89,19089.920000000002,23740.7,13582,1838,1,0,0,0,0,0,0,23.177142857142858,41.95,28.142857142857142
2021-05-03,2021,18,2658321.59,38352.79,31119.309999999998,27822.03,12086.7,5473.05,25207.06,21675.79,18400.66,13822,1621,1,0,0,0,0,0,0,23.65714285714286,44.441428571428574,26.685714285714287
2021-05-10,2021,19,2669164.22,39536.78,32478.86,27055.29,17843.13,7358.0599999999995,20893.24,18171.52,18443.47,15543,1726,0,0,0,0,0,0,0,25.002857142857142,40.465714285714284,28.797142857142855
2021-05-17,2021,20,2656669.73,31097.010000000002,22296.38,27137.71,12345.97,7991.55,15367.04,16219.13,16992.75,15249,1719,0,0,0,0,0,0,0,24.912857142857145,39.472857142857144,25.692857142857143
2021-05-24,2021,21,2687128.29,48881.42,35244.62,29695.829999999998,16355.18,11130.56,28195.79,21281.33,27092.46,14768,1644,1,0,0,0,0,0,0,24.91857142857143,38.082857142857144,28.414285714285715
2021-05-31,2021,22,2654657.19,43783.28,35225.79,31839.16,16393.76,10414.5,23864.93,17817.43,24544.16,15463,1750,1,0,0,0,0,0,0,25.458571428571428,35.36857142857143,66.00714285714285
2021-06-07,2021,23,2670759.43,34007.5,26294.57,23036.44,13373.38,9270.07,23096.64,17097.68,18870.83,15729,1685,0,0,0,0,0,0,0,25.514285714285716,35.22714285714286,73.14714285714285
2021-06-14,2021,24,2662975.19,32553.22,29548.44,22255.28,11406.38,10879.82,21227.57,11614.15,14834.16,16055,1727,0,0,0,0,0,0,1,26.06142857142857,33.69428571428571,75.24571428571429
2021-06-21,2021,25,2659591.42,29719.97,23521.03,22013.03,8213.42,6601.93,16779.11,11733.75,14531.35,13376,1675,1,0,0,0,0,0,1,25.757142857142856,33.80285714285714,73.3757142857143
2021-06-28,2021,26,2629656.68,57240.979999999996,55053.6,40703.16,15878.88,11256.619999999999,38800.11,23858.94,32080.04,12261,2086,1,1,0,0,0,1,0,24.75142857142857,32.25285714285714,72.15
2021-07-05,2021,27,2680087.95,86151.38,58594.49,48880.64,34688.21,20969.57,45336.59,37573.76,35571.91,13064,2235,1,1,0,0,0,1,0,25.321428571428573,31.47571428571429,74.74142857142857
2021-07-12,2021,28,2663976.06,76310.45,54124.9,53477.83,28941.98,22280.89,41882.9,31255.37,38990.56,14113,2194,0,1,0,0,0,1,0,24.537142857142857,27.1,72.48285714285714
2021-07-19,2021,29,2634503.87,64237.71,52226.89,37988.25,17438.02,10407.42,36782.93,23704.02,25712.59,13735,2102,1,1,0,0,0,1,0,23.997142857142858,29.395714285714284,72.43857142857142
2021-07-26,2021,30,2649642.4,49461.27,39680.81,31890.48,16423.97,10621.37,31587.21,20552.75,29110.579999999998,12204,2236,1,1,0,0,0,1,0,23.652857142857144,27.935714285714287,74.73142857142857
2021-08-02,2021,31,2648706.02,36803.88,25873.69,21368.19,11497.8,8141.72,17684.5,17348.23,15306.47,8018,1625,1,1,0,0,0,1,0,23.037142857142857,30.021428571428572,74.44857142857143
2021-08-09,2021,32,2636053.94,47025.96,38472.76,33219.08,20498.37,12183.12,31568.45,21834.32,25004.6,8992,1632,0,1,0,0,0,1,0,21.754285714285714,32.018571428571434,71.05571428571427
2021-08-16,2021,33,2650913.82,39313.76,27154.73,26984.79,13068.22,9192.44,20116.239999999998,15899.41,15933.71,12963,1515,0,0,0,0,0,1,1,21.49142857142857,30.685714285714287,72.38428571428571
2021-08-23,2021,34,2658961.01,38036.56,36072.28,25912.38,18403.62,7644.04,19120.85,19014.52,19935.06,13030,1527,1,0,0,0,0,1,1,20.435714285714287,31.252857142857142,74.11999999999999
2021-08-30,2021,35,2630292.02,38162.85,29523.0,26946.04,15904.73,5449.9,16739.69,18716.47,13810.09,13478,1642,1,0,0,0,0,1,0,19.13,31.02428571428571,39.19285714285714
2021-09-06,2021,36,2654202.17,35818.28,33078.72,20893.09,14899.26,6450.8,22339.14,18945.22,23329.85,16466,1760,0,0,0,0,0,0,0,17.822857142857142,31.132857142857144,24.35571428571429
2021-09-13,2021,37,2659545.48,37993.75,39277.979999999996,31552.31,15390.93,12171.11,24447.38,19212.52,20804.44,16101,1764,0,0,0,0,0,0,0,16.891428571428573,35.43571428571428,27.534285714285716
2021-09-20,2021,38,2645763.57,43042.74,29188.88,34259.68,11965.66,9075.31,20473.53,20909.68,17629.5,15736,1821,1,0,0,0,0,0,0,16.304285714285715,36.33714285714286,27.96142857142857
2021-09-27,2021,39,2687229.3,43025.89,33129.25,26662.91,15456.58,9383.93,24331.34,20270.22,20923.31,14441,1789,1,0,0,0,0,0,0,15.064285714285715,37.70285714285714,28.02857142857143
2021-10-04,2021,40,2655858.21,51894.28,47863.2,33732.35,20150.56,13182.31,26727.55,23775.69,30959.94,16481,2006,1,0,0,0,0,0,0,13.897142857142857,38.958571428571425,27.902857142857144
2021-10-11,2021,41,2637151.9,42918.159999999996,37372.07,26489.49,15573.83,7397.21,22073.29,15167.58,19208.32,16654,2086,0,0,0,0,0,0,0,13.597142857142856,38.20142857142857,26.747142857142858
2021-10-18,2021,42,2643021.59,53988.57,37320.88,35698.42,18303.19,13345.11,32818.73,24423.7,28863.89,18274,1987,0,0,0,0,0,0,0,12.458571428571428,42.92,27.405714285714286
2021-10-25,2021,43,2673883.66,41400.15,33753.28,25424.0,13792.91,8873.86,21367.08,13561.380000000001,21501.59,14776,1786,1,0,0,0,0,0,0,11.401428571428571,44.27428571428571,28.09857142857143
2021-11-01,2021,44,2635269.07,42388.53,25553.98,32961.88,13999.34,10076.69,25464.1,19222.41,20212.65,17475,2176,1,0,0,0,0,0,0,10.474285714285715,47.32571428571429,30.117142857142856
2021-11-08,2021,45,2635253.5,52616.33,31241.22,31329.96,13218.36,10637.25,29961.15,19742.68,27715.19,19988,2199,0,0,0,0,0,0,0,10.061428571428571,45.94428571428571,27.16142857142857
2021-11-15,2021,46,2619596.77,54069.63,46358.869999999995,42870.159999999996,21942.77,11892.130000000001,29439.88,23147.03,29914.64,15269,2320,0,0,1,0,0,0,0,9.732857142857142,51.34142857142857,28.885714285714286
2021-11-22,2021,47,2656401.63,45912.020000000004,39890.49,35543.14,19225.48,12351.3,31035.01,22403.89,25554.47,10041,2357,1,0,1,0,0,0,0,8.90857142857143,50.50142857142857,27.25142857142857
2021-11-29,2021,48,2650310.8,43866.27,34835.41,34445.9,16894.67,11274.99,20451.23,14346.34,21935.7,12522,2632,1,0,1,1,0,0,0,8.464285714285714,54.49142857142857,27.74142857142857
2021-12-06,2021,49,2650720.46,53411.48,44053.14,42308.05,19630.4,16569.04,32643.420000000002,20200.010000000002,25671.02,15360,2563,0,0,0,1,0,0,0,8.314285714285715,53.92857142857143,26.405714285714286
2021-12-13,2021,50,2639445.34,73109.52,46290.47,49934.450000000004,23536.63,13932.96,31821.04,21850.85,34207.63,16264,2656,0,0,0,1,0,0,0,8.667142857142858,55.245714285714286,30.794285714285714
2021-12-20,2021,51,2671928.92,43091.35,41492.02,28697.23,17838.18,7581.71,26404.22,15534.09,20461.09,17042,2685,1,0,0,1,0,1,0,8.837142857142858,57.018571428571434,28.07
2021-12-27,2021,52,2790771.71,71381.58,57036.82,51182.61,25832.22,15806.77,34831.98,30413.71,41673.9,18934,2632,1,0,0,0,0,1,0,8.881428571428572,56.58571428571429,28.69857142857143
2022-01-03,2022,1,3081462.18,58352.52,48767.51,38044.29,21764.96,12601.26,33845.74,23616.38,31528.739999999998,14313,2415,1,1,0,0,0,0,0,8.94,60.56428571428572,25.57857142857143
2022-01-10,2022,2,3106483.71,55518.91,37100.46,32614.88,24748.9,11967.51,28287.08,21379.47,25922.23,12286,2566,0,1,0,0,0,0,0,9.074285714285715,56.965714285714284,25.62
2022-01-17,2022,3,3074738.36,60119.04,53718.35,32969.45,29471.64,16501.77,37369.8,33948.24,26264.8,12366,2404,0,1,0,0,0,0,0,10.244285714285715,60.79571428571428,27.564285714285713
2022-01-24,2022,4,3091825.26,63390.15,45911.35,31796.079999999998,19886.86,7371.24,32100.510000000002,29171.05,27346.86,12006,2592,1,1,0,0,0,0,0,11.045714285714286,58.97714285714285,26.724285714285713
2022-01-31,2022,5,3091341.22,62391.56,42919.66,39341.34,16366.43,10330.59,41079.96,21634.22,29351.29,8672,2043,1,1,0,0,0,0,0,11.777142857142858,60.395714285714284,27.624285714285715
2022-02-07,2022,6,3113532.81,43997.09,38529.36,31630.08,19203.17,8722.35,24541.27,20802.01,26254.99,11729,1725,0,1,0,0,0,0,0,12.358571428571429,58.12714285714286,28.294285714285714
2022-02-14,2022,7,3046888.84,54780.74,40411.79,38620.14,16439.3,13417.64,27302.03,25609.49,23088.59,14337,1760,0,0,0,0,0,0,0,13.530000000000001,60.51428571428571,27.455714285714286
2022-02-21,2022,8,3118630.85,29701.39,26326.04,21226.14,10813.19,5897.49,14825.13,13269.61,13881.99,13620,1687,1,0,0,0,0,0,0,13.785714285714286,57.19571428571428,29.65142857142857
2022-02-28,2022,9,3085441.55,48337.86,30776.9,29968.760000000002,15677.86,10859.79,25098.88,17657.98,19803.68,13108,1954,1,0,0,0,0,0,0,14.94857142857143,55.31142857142857,28.714285714285715
2022-03-07,2022,10,3120569.43,36889.32,30620.61,26696.25,16212.130000000001,8309.55,19304.57,14057.619999999999,19573.76,15034,2002,0,0,0,0,0,0,0,15.797142857142857,55.988571428571426,28.052857142857142
2022-03-14,2022,11,3074141.12,48807.37,39074.05,32066.16,22331.89,12077.81,27224.71,22228.510000000002,23291.29,14158,1958,0,0,0,0,0,0,1,17.302857142857142,54.90428571428572,28.237142857142857
2022-03-21,2022,12,3081590.36,60051.43,44583.14,31927.34,16882.35,11038.15,38067.77,17866.56,32749.84,13637,1897,1,0,0,0,0,0,0,18.857142857142858,51.878571428571426,25.64
2022-03-28,2022,13,3069932.72,52266.61,45645.11,37622.52,19371.93,12539.98,27657.95,19539.010000000002,20869.84,13930,1836,1,0,0,0,0,0,0,19.021428571428572,50.23571428571429,26.427142857142854
2022-04-04,2022,14,3131012.59,43791.7,32638.61,30114.8,14886.93,7568.48,20277.83,14150.26,17987.9,16188,2036,1,0,0,0,1,1,0,20.27857142857143,48.361428571428576,25.262857142857143
2022-04-11,2022,15,3071054.0,39280.25,31432.61,25624.63,14426.21,10159.7,22625.18,13135.21,21038.65,15626,2197,0,0,0,0,1,1,1,20.925714285714285,47.037142857142854,32.17285714285714
2022-04-18,2022,16,3079957.05,35931.15,29703.65,25423.39,14267.49,5919.0,18309.37,15191.73,18889.0,16050,1791,0,0,0,0,0,0,1,22.235714285714284,44.23,27.771428571428572
2022-04-25,2022,17,3075497.68,48724.36,35400.26,30801.28,18023.72,10356.13,28037.81,20555.21,22533.8,15274,1676,1,0,0,0,0,0,0,23.002857142857142,43.885714285714286,27.091428571428573
2022-05-02,2022,18,3081952.44,67253.08,57594.67,42927.75,23972.72,13458.949999999999,37505.77,22896.97,25955.83,13810,1794,1,0,0,0,0,0,0,23.455714285714286,43.68571428571428,25.68857142857143
2022-05-09,2022,19,3086944.27,38394.8,31106.6,21825.22,13369.62,8619.66,20371.92,12509.02,17656.87,13648,1814,0,0,0,0,0,0,0,24.242857142857144,39.620000000000005,27.264285714285716
2022-05-16,2022,20,3086588.16,43425.65,28729.21,21953.66,12326.59,8053.98,17720.57,19564.48,19079.75,16668,1682,0,0,0,0,0,0,0,24.37,37.379999999999995,28.4
2022-05-23,2022,21,3092290.55,34854.82,34646.62,23517.3,14563.61,7731.92,21746.91,15337.88,21984.329999999998,16265,1798,1,0,0,0,0,0,0,25.54142857142857,38.07285714285714,27.665714285714284
2022-05-30,2022,22,3077180.71,46370.29,40501.69,27096.26,14833.76,6347.4,19928.35,18224.46,20157.36,14013,1754,1,0,0,0,0,0,0,25.325714285714284,34.06428571428572,59.58142857142857
2022-06-06,2022,23,3090500.72,52445.020000000004,48548.42,41851.2,25335.28,14280.19,26159.95,27492.04,26018.59,14886,1698,0,0,0,0,0,0,0,25.84285714285714,34.379999999999995,73.5657142857143
2022-06-13,2022,24,3078424.96,48780.42,39148.64,33650.63,15771.65,9038.18,24178.32,18834.86,21353.49,15411,1594,0,0,0,0,0,0,0,25.987142857142857,33.04714285714286,71.98142857142857
2022-06-20,2022,25,3114506.95,52763.45,41288.41,32562.11,20800.72,9169.09,27819.27,16684.670000000002,22977.35,15208,1794,1,0,0,0,0,0,1,25.305714285714288,34.284285714285716,72.92
2022-06-27,2022,26,3109687.69,52390.38,38630.73,30583.68,15005.26,9341.220000000001,24965.72,14840.66,24444.39,13995,1859,1,1,0,0,0,1,0,25.482857142857142,27.987142857142857,73.72285714285715
2022-07-04,2022,27,3060107.85,66043.63,49123.39,44975.77,26759.61,13103.890000000001,42500.69,23298.12,35858.62,13468,2299,1,1,0,0,0,1,0,25.09857142857143,32.39714285714286,72.94571428571429
2022-07-11,2022,28,3098996.2,62934.92,44457.53,45504.18,21949.9,13137.26,39798.22,24725.94,24656.3,13234,2311,0,1,0,0,0,1,0,24.74857142857143,31.56857142857143,73.13000000000001
2022-07-18,2022,29,3090648.75,80877.57,54040.99,46786.6,26545.62,16777.23,32562.53,32877.85,36593.69,13544,2440,0,1,0,0,0,1,0,23.928571428571427,27.737142857142857,72.30285714285714
2022-07-25,2022,30,3096410.26,75000.14,54096.43,45184.67,30527.09,17940.37,46126.090000000004,29299.26,43840.44,12815,2351,1,1,0,0,0,1,0,23.595714285714287,29.90714285714286,74.65428571428572
2022-08-01,2022,31,3088268.88,39884.73,33716.869999999995,30185.170000000002,13675.11,10016.16,23353.97,20747.91,20274.52,8553,1597,1,1,0,0,0,1,0,22.975714285714286,29.502857142857142,72.88857142857142
2022-08-08,2022,32,3069749.39,43521.67,35333.81,24652.88,16686.04,9715.74,23814.41,16892.14,20188.83,8715,1579,0,1,0,0,0,1,0,22.431428571428572,31.177142857142858,74.09142857142857
2022-08-15,2022,33,3094679.6,36273.71,37216.44,25243.91,14932.369999999999,6714.88,24885.5,16834.8,21338.59,12166,1467,0,1,0,0,0,1,1,21.45142857142857,31.618571428571432,73.61571428571429
2022-08-22,2022,34,3099185.66,60881.84,45552.08,48651.06,27809.49,13450.73,34146.3,29373.379999999997,35209.07,13130,1547,1,0,0,0,0,1,1,20.572857142857142,30.625714285714288,71.70571428571428
2022-08-29,2022,35,3088581.36,47029.06,34549.07,30297.67,24130.96,9090.34,31868.54,18115.35,24837.85,13855,1742,1,0,0,0,0,1,0,19.060000000000002,33.53,46.38857142857143
2022-09-05,2022,36,3076328.13,38103.99,29088.07,26255.65,11696.09,10196.85,19446.3,20770.04,18461.61,15977,1812,1,0,0,0,0,0,0,18.33857142857143,32.36714285714285,26.52714285714286
2022-09-12,2022,37,3092138.72,66873.78,39968.49,41370.66,20508.36,12313.54,26521.8,21088.98,30186.96,15431,1893,0,0,0,0,0,0,0,17.281428571428574,35.957142857142856,29.021428571428572
2022-09-19,2022,38,3143914.1,33982.88,31812.53,28157.72,11517.05,8407.64,22798.75,15180.01,24489.89,15894,1723,1,0,0,0,0,0,0,16.308571428571426,34.43142857142857,31.52285714285714
2022-09-26,2022,39,3102521.4,40440.31,34975.57,26782.85,17485.63,11444.56,19566.1,22511.82,19418.18,14772,1982,1,0,0,0,0,0,0,15.462857142857144,37.378571428571426,26.032857142857143
2022-10-03,2022,40,3079041.46,42601.63,39119.12,25945.2,14094.73,8781.26,24891.78,18592.85,20152.27,15562,1956,1,0,0,0,0,0,0,14.232857142857142,39.26428571428571,29.685714285714287
2022-10-10,2022,41,3111112.04,40288.08,37552.12,24367.51,16350.49,9110.26,17950.22,18483.94,19289.420000000002,16082,1887,0,0,0,0,0,0,0,13.751428571428571,40.120000000000005,28.041428571428572
2022-10-17,2022,42,3120931.47,49532.369999999995,37322.08,30265.19,16403.3,8383.71,26657.07,22889.34,28393.5,17004,1911,0,0,0,0,0,0,0,12.438571428571429,42.385714285714286,27.138571428571428
2022-10-24,2022,43,3103637.95,54075.95,44897.36,38687.3,18867.56,14171.07,27391.8,19303.75,31176.579999999998,15727,2153,1,0,0,0,0,0,0,12.11142857142857,44.02428571428571,28.784285714285716
2022-10-31,2022,44,3145788.8,71965.47,53748.83,52173.27,28034.29,10686.91,36883.19,27538.11,38678.24,16527,2055,1,0,0,0,0,0,0,10.764285714285714,45.644285714285715,26.27
2022-11-07,2022,45,3079175.31,81249.0,68051.73,64142.79,29755.53,20753.06,47921.36,31037.510000000002,46990.76,18357,2264,0,0,0,0,0,0,0,10.347142857142856,49.16285714285714,30.658571428571427
2022-11-14,2022,46,3085428.87,71997.07,55251.12,56940.53,26683.940000000002,16704.66,37069.96,29503.1,37822.9,17398,2259,0,0,1,0,0,0,0,9.627142857142857,49.64714285714286,29.37142857142857
2022-11-21,2022,47,3111419.92,53355.01,39603.08,50553.99,22415.739999999998,10420.98,28616.72,24980.06,30149.39,10846,2492,1,0,1,0,0,0,0,9.225714285714284,51.38142857142857,26.414285714285715
2022-11-28,2022,48,3069111.39,94910.56,73849.24,70707.37,34201.840000000004,17747.2,44433.68,33223.36,46207.46,14538,2762,1,0,1,1,0,0,0,8.641428571428571,50.395714285714284,25.547142857142855
2022-12-05,2022,49,3106167.95,54322.03,45202.16,47918.21,21134.15,17446.89,36639.92,28063.11,35656.82,16429,2766,1,0,0,1,0,0,0,8.608571428571429,52.67857142857143,28.608571428571427
2022-12-12,2022,50,3078071.88,62702.31,55018.58,45320.82,24925.84,12400.34,41870.56,24989.8,40999.04,17012,2676,0,0,0,1,0,0,0,8.438571428571429,57.77571428571429,24.27285714285714
2022-12-19,2022,51,3118972.68,65864.25,53353.96,48689.340000000004,21736.5,11342.42,39863.85,32133.88,39749.92,16566,2610,1,0,0,1,0,1,0,8.811428571428571,57.932857142857145,29.664285714285715
2022-12-26,2022,52,3122698.54,73539.43000000001,65735.95,63992.15,35650.619999999995,16412.41,42563.62,30854.31,39931.32,18326,2694,1,0,0,0,0,1,0,8.667142857142858,57.2,27.98
2023-01-02,2023,1,3398300.25,78896.2,67969.64,50637.54,27456.79,23138.52,38822.79,35155.26,40726.14,16120,2632,1,1,0,0,0,0,0,9.348571428571429,58.82857142857143,27.138571428571428
2023-01-09,2023,2,3371977.46,78148.56999999999,49074.37,33196.65,23002.77,11910.38,35535.05,28808.58,35100.18,12508,2460,0,1,0,0,0,0,0,10.438571428571429,61.00285714285714,29.69714285714286
2023-01-16,2023,3,3384541.33,50623.119999999995,35080.16,35968.63,17060.78,11514.36,38527.8,24724.739999999998,31110.84,12648,2612,0,1,0,0,0,0,0,10.16,59.06571428571429,27.158571428571427
2023-01-23,2023,4,3382116.49,80184.88,50174.7,46316.36,34804.01,12928.619999999999,46579.83,27354.12,28577.510000000002,12658,2570,1,1,0,0,0,0,0,11.030000000000001,58.93571428571428,24.242857142857144
2023-01-30,2023,5,3417486.43,65809.74,38946.3,33142.69,24542.91,16739.89,33627.24,22455.19,29365.1,9983,2024,1,1,0,0,0,0,0,11.472857142857142,59.97142857142857,25.914285714285715
2023-02-06,2023,6,3375334.59,63162.41,43506.19,39244.44,18916.87,11833.09,34045.49,27675.89,28747.67,11281,1751,0,1,0,0,0,0,0,12.344285714285714,58.57857142857143,28.297142857142855
2023-02-13,2023,7,3364502.16,52940.68,40663.25,27473.12,17180.84,12819.72,30476.6,25079.22,28581.87,15149,1661,0,0,0,0,0,0,0,12.675714285714285,59.361428571428576,28.64428571428571
2023-02-20,2023,8,3350684.69,39059.13,35092.770000000004,32822.88,13123.73,8850.82,17854.37,20176.02,21941.14,13590,1826,1,0,0,0,0,0,0,14.074285714285715,57.534285714285716,28.897142857142857
2023-02-27,2023,9,3350916.79,35755.61,28442.34,25502.66,12886.5,8004.63,17612.63,12637.01,18146.01,13765,1766,1,0,0,0,0,0,0,15.570000000000002,57.690000000000005,29.521428571428572
2023-03-06,2023,10,3393195.88,36307.26,37697.29,28608.23,13826.1,10193.369999999999,26395.62,19847.8,22675.29,14185,2065,0,0,0,0,0,0,0,15.89857142857143,58.107142857142854,28.19857142857143
2023-03-13,2023,11,3369774.3,49222.909999999996,28920.1,23938.84,20556.49,8673.77,20660.86,15849.23,20547.4,17070,2005,0,0,0,0,0,0,1,17.082857142857144,52.77,26.014285714285716
2023-03-20,2023,12,3403015.73,51422.12,35921.99,44170.6,21558.17,9297.05,25472.39,21042.12,27730.22,14371,1905,1,0,0,0,0,0,0,18.41142857142857,52.215714285714284,28.99857142857143
2023-03-27,2023,13,3409056.52,39208.84,34681.5,27327.6,13950.93,9504.18,23128.46,18883.65,23403.97,15039,1940,1,0,0,0,1,1,0,19.664285714285715,53.917142857142856,27.638571428571428
2023-04-03,2023,14,3379011.26,62851.78,43781.7,41263.08,19043.0,14987.88,35247.99,24834.94,25153.260000000002,17425,2231,1,0,0,0,1,1,0,20.347142857142856,49.675714285714285,30.97714285714286
2023-04-10,2023,15,3363306.27,35573.75,30675.64,22952.46,12186.48,8124.08,17279.04,13932.89,14848.85,15895,1828,0,0,0,0,0,0,1,20.975714285714286,48.98428571428572,29.32714285714286
2023-04-17,2023,16,3385267.66,50125.91,41218.53,31758.15,17922.68,13113.66,28209.52,15862.34,28533.02,16500,1780,0,0,0,0,0,0,1,22.46142857142857,47.26,27.384285714285717
2023-04-24,2023,17,3392549.7,42306.95,30876.84,27700.2,17206.15,7030.83,23888.47,18197.8,25394.16,14864,2185,1,0,0,0,0,0,0,22.59285714285714,44.65428571428572,28.53857142857143
2023-05-01,2023,18,3420296.22,48893.7,39564.42,34446.38,22154.54,11148.68,29441.9,21694.27,26426.43,12683,2026,1,0,0,0,0,0,0,22.67,44.51428571428571,26.51142857142857
2023-05-08,2023,19,3397008.11,58090.21,42890.97,35335.99,24141.28,11726.85,37707.79,27358.04,31580.54,14971,1925,0,0,0,0,0,0,0,24.36857142857143,42.887142857142855,29.247142857142858
2023-05-15,2023,20,3403668.16,56880.48,38276.65,41684.96,19900.97,11083.01,21776.63,22245.239999999998,26273.6,15356,2021,0,0,0,0,0,0,0,24.87,38.59,27.444285714285712
2023-05-22,2023,21,3399299.26,57837.49,43315.71,42612.25,20691.79,15000.33,37640.13,22296.64,27956.49,14914,1667,1,0,0,0,0,0,0,24.77285714285714,40.59285714285714,26.53857142857143
2023-05-29,2023,22,3345356.29,49141.020000000004,42013.64,29335.579999999998,20475.11,9210.22,28626.39,23495.899999999998,28948.71,14088,1636,1,0,0,0,0,0,0,25.145714285714288,37.534285714285716,52.45
2023-06-05,2023,23,3411465.7,53923.6,41651.19,38794.47,17808.64,12081.59,33401.04,21145.03,23231.98,16400,1730,1,0,0,0,0,0,0,25.470000000000002,34.38285714285715,72.66
2023-06-12,2023,24,3389047.89,66992.35,48911.63,38278.43,19169.52,11199.53,32446.02,21680.99,26985.14,15187,1676,0,0,0,0,0,0,0,25.17285714285714,33.371428571428574,75.26285714285714
2023-06-19,2023,25,3421740.84,60134.14,54488.9,57707.69,32822.6,21768.86,43637.4,34810.97,28998.44,16196,1894,1,0,0,0,0,0,1,25.731428571428573,32.605714285714285,71.17428571428572
2023-06-26,2023,26,3382083.74,58033.02,54134.97,39951.82,22766.99,9943.11,28453.88,22817.37,26499.44,14178,1960,1,1,0,0,0,1,0,25.41,31.192857142857143,74.21285714285713
2023-07-03,2023,27,3375009.02,69918.65,48642.770000000004,41162.88,33532.32,17858.43,36814.909999999996,35731.77,33768.46,13690,2467,1,1,0,0,0,1,0,25.10571428571429,31.19714285714286,72.90714285714286
2023-07-10,2023,28,3372757.12,70806.91,46517.19,39206.45,18330.72,16446.14,39117.69,28762.89,36219.66,13890,2353,0,1,0,0,0,1,0,24.888571428571428,28.635714285714286,72.20285714285714
2023-07-17,2023,29,3360077.36,85077.88,56924.29,46739.97,26419.18,17147.55,48884.19,31105.39,37230.98,14016,2436,0,1,0,0,0,1,0,24.38285714285714,33.175714285714285,68.93857142857142
2023-07-24,2023,30,3395574.07,80576.39,56642.98,39395.36,24165.01,17952.3,39826.81,28866.21,44778.12,13323,2480,1,1,0,0,0,1,0,23.945714285714285,30.208571428571428,70.44142857142856
2023-07-31,2023,31,3390216.37,85518.31,49724.05,46050.23,35610.79,14927.42,40773.47,23567.78,33572.6,9691,1674,1,1,0,0,0,1,0,23.55,30.85142857142857,71.69714285714286
2023-08-07,2023,32,3405781.9,37564.1,40512.84,33722.17,19404.13,9246.51,19455.510000000002,22407.309999999998,19272.350000000002,8525,1689,0,1,0,0,0,1,0,22.257142857142856,31.45142857142857,71.67142857142858
2023-08-14,2023,33,3395236.38,59788.76,59550.770000000004,63510.6,25026.07,11212.55,29133.67,28764.7,30685.31,13433,1699,0,1,0,0,0,1,1,21.04857142857143,30.05285714285714,70.49000000000001
2023-08-21,2023,34,3385481.52,46380.02,34697.41,34851.97,14469.59,11313.48,25233.59,17335.18,22859.54,13807,1675,1,0,0,0,0,1,1,20.885714285714286,30.90714285714286,71.63857142857142
2023-08-28,2023,35,3405006.64,59396.66,46243.15,41501.83,16079.29,10801.380000000001,27863.77,20958.78,24175.07,14135,1727,1,0,0,0,0,1,0,19.71,32.72142857142857,56.94285714285714
2023-09-04,2023,36,3365300.62,51734.31,41769.9,36156.51,20572.56,13153.49,23440.42,19576.23,27126.91,16577,1753,1,0,0,0,0,0,0,19.087142857142855,34.53285714285715,30.23
2023-09-11,2023,37,3382203.66,52910.35,42818.4,40577.24,17287.46,12266.84,30592.55,26055.88,27970.0,16540,1869,0,0,0,0,0,0,0,17.55142857142857,32.15142857142857,27.412857142857145
2023-09-18,2023,38,3418199.34,47345.54,39893.57,33470.45,16110.89,11916.24,22020.73,16769.04,20795.94,16572,1850,0,0,0,0,0,0,0,16.385714285714286,38.32142857142857,27.734285714285715
2023-09-25,2023,39,3381751.41,76575.5,62616.25,47452.78,24591.88,17459.850000000002,33090.3,31097.23,37599.42,14344,1983,1,0,0,0,0,0,0,14.860000000000001,33.254285714285714,27.52285714285714
2023-10-02,2023,40,3381914.15,47258.18,33950.19,27925.24,20052.22,6882.85,30759.760000000002,21436.19,20357.39,17189,1984,1,0,0,0,0,0,0,14.55,39.52142857142857,30.4
2023-10-09,2023,41,3442027.42,34964.14,29816.149999999998,18963.35,11974.76,6550.02,17790.81,14438.17,18287.88,16861,1934,0,0,0,0,0,0,0,12.655714285714286,42.354285714285716,28.797142857142855
2023-10-16,2023,42,3355339.49,71115.98,60282.45,51251.39,22850.77,19116.6,38631.58,31353.329999999998,31390.94,17705,1874,0,0,0,0,0,0,0,12.55,42.17,28.217142857142857
2023-10-23,2023,43,3413486.53,67488.73,43608.82,36287.07,20268.07,14265.6,26288.2,22085.29,30503.58,17124,2109,1,0,0,0,0,0,0,12.024285714285716,44.67,28.917142857142856
2023-10-30,2023,44,3416307.71,61505.45,45894.97,37304.53,21016.62,13510.34,25638.5,23306.35,27606.68,16627,2119,1,0,0,0,0,0,0,11.75,46.91285714285714,30.44714285714286
2023-11-06,2023,45,3399039.96,78726.19,71777.61,66090.84,25413.25,21041.73,43324.61,30532.96,51224.24,18264,2199,0,0,0,0,0,0,0,10.531428571428572,46.66,27.835714285714285
2023-11-13,2023,46,3371882.33,79993.0,56651.53,58297.66,23056.32,17107.98,45569.71,25473.03,35857.29,18944,2530,0,0,0,0,0,0,0,9.287142857142857,50.43,31.245714285714282
2023-11-20,2023,47,3387763.02,69616.12,55643.86,52305.22,20478.52,17656.6,37575.27,27689.73,35874.11,10822,2586,1,0,1,0,0,0,0,9.33,51.78142857142857,25.93857142857143
2023-11-27,2023,48,3391925.83,74756.64,51983.56,54075.200000000004,30127.66,15894.880000000001,38426.36,33763.67,43050.94,12862,2908,1,0,1,1,0,0,0,9.174285714285714,53.5,26.312857142857144
2023-12-04,2023,49,3365680.78,112119.64,83378.33,70061.03,26875.14,25098.899999999998,50356.38,35130.6,41975.340000000004,17242,3006,1,0,0,1,0,0,0,8.712857142857143,53.111428571428576,28.06714285714286
2023-12-11,2023,50,3409997.62,65814.57,53531.44,46942.08,26926.97,13178.82,32421.52,23899.27,34855.74,16649,2855,0,0,0,1,0,0,0,8.968571428571428,54.75857142857143,25.75142857142857
2023-12-18,2023,51,3412384.57,55506.130000000005,37040.83,37210.39,17404.0,9418.41,28678.53,17633.010000000002,30385.44,16989,2968,0,0,0,1,0,1,0,8.67,57.425714285714285,29.114285714285714
2023-12-25,2023,52,3368007.4,62622.4,47066.61,41667.47,22902.68,15701.88,32650.6,22240.63,35029.49,20057,2683,1,0,0,0,0,1,0,8.905714285714286,58.315714285714286,28.602857142857143
2024-01-01,2024,1,3855944.5,94801.38,63672.19,55761.61,28936.72,16222.5,47599.52,30130.7,35886.28,15760,2113,1,1,0,0,0,0,0,9.407142857142857,57.60285714285714,28.417142857142856
2024-01-08,2024,2,3831157.05,103891.9,71061.49,61315.19,29758.39,23205.420000000002,54406.32,43705.92,45368.94,13019,2509,0,1,0,0,0,0,0,9.484285714285713,56.60857142857143,28.757142857142856
2024-01-15,2024,3,3779005.75,56519.88,42142.68,37330.76,23802.95,10216.07,27461.28,24312.77,24104.85,12331,2505,0,1,0,0,0,0,0,10.224285714285715,58.90571428571428,28.825714285714284
2024-01-22,2024,4,3837813.09,67035.99,48005.98,32428.94,19392.63,12130.7,33242.74,17479.94,31952.1,14041,2618,1,1,0,0,0,0,0,11.151428571428571,56.41142857142857,29.708571428571428
2024-01-29,2024,5,3810281.84,86555.25,55969.01,48972.66,32031.67,16950.35,44618.61,32493.05,41238.82,10774,2159,1,1,0,0,0,0,0,11.628571428571428,59.65714285714286,28.541428571428572
2024-02-05,2024,6,3801555.3,55090.25,50855.44,39795.33,18165.48,11028.58,23458.71,17905.5,25851.11,10291,1979,1,1,0,0,0,0,0,11.452857142857143,60.04857142857142,26.73
2024-02-12,2024,7,3805153.98,52197.76,38581.88,35504.37,19854.64,13899.58,28904.75,23666.88,23988.47,14884,2194,0,0,0,0,0,0,0,13.07,59.84428571428572,26.455714285714286
2024-02-19,2024,8,3846860.04,51737.76,39385.07,31284.11,17637.72,8612.98,27039.120000000003,22535.219999999998,27464.66,14872,1919,1,0,0,0,0,0,0,14.09142857142857,58.25714285714286,27.281428571428574
2024-02-26,2024,9,3834556.81,65110.83,44853.409999999996,36067.630000000005,22601.33,13853.3,31994.510000000002,20778.54,27976.48,13439,2011,1,0,0,0,0,0,0,14.625714285714285,59.662857142857135,28.264285714285716
2024-03-04,2024,10,3832536.48,65753.28,41740.770000000004,38857.07,27061.82,16964.83,36194.74,30584.44,34221.93,14801,1957,1,0,0,0,0,0,0,16.167142857142856,55.10285714285714,29.638571428571424
2024-03-11,2024,11,3798079.13,57672.15,47580.47,40166.8,26982.39,12554.01,40017.7,21020.71,26565.36,15439,2177,0,0,0,0,0,0,1,16.96142857142857,55.53,28.00142857142857
2024-03-18,2024,12,3809838.78,56279.13,48201.770000000004,39895.11,23562.28,14537.76,27552.34,18391.61,27806.49,14981,1971,0,0,0,0,1,1,1,18.428571428571427,53.59714285714286,28.974285714285713
2024-03-25,2024,13,3834467.4,69976.3,47373.159999999996,53256.82,20329.989999999998,15129.470000000001,35620.01,24461.629999999997,23969.78,14203,2056,1,0,0,0,1,1,0,18.755714285714287,53.99142857142857,30.12857142857143
2024-04-01,2024,14,3844364.86,45656.65,36222.86,36684.13,13911.54,12362.57,24962.55,21825.94,21259.03,16013,2005,1,0,0,0,0,0,0,20.307142857142857,52.184285714285714,29.617142857142856
2024-04-08,2024,15,3835707.36,61222.03,40199.1,38116.55,20836.85,11458.66,30502.33,23407.649999999998,32703.25,15177,1858,0,0,0,0,0,0,0,20.332857142857144,46.46,28.78857142857143
2024-04-15,2024,16,3811103.34,42061.11,34803.38,31996.16,14144.77,11383.62,24143.34,18162.98,21598.9,17070,1923,0,0,0,0,0,0,1,21.87857142857143,47.22571428571429,29.740000000000002
2024-04-22,2024,17,3819955.68,57096.63,41802.96,40124.6,20071.07,10979.39,29297.85,25895.72,27334.12,16348,2097,1,0,0,0,0,0,0,22.779999999999998,44.99285714285714,29.065714285714286
2024-04-29,2024,18,3822900.92,64334.37,58103.0,47654.74,21769.3,14969.15,34004.77,28461.29,34724.37,15715,1953,1,0,0,0,0,0,0,23.77285714285714,43.76428571428571,27.924285714285716
2024-05-06,2024,19,3815190.51,65686.73,47354.17,40772.22,23400.48,14545.119999999999,29316.2,24388.94,26078.67,16560,1902,0,0,0,0,0,0,0,23.89857142857143,43.40714285714286,29.937142857142856
2024-05-13,2024,20,3819171.45,48663.41,36296.68,33175.44,20382.05,10121.24,29723.88,18807.1,18148.67,15672,1889,0,0,0,0,0,0,0,25.095714285714287,40.809999999999995,27.184285714285714
2024-05-20,2024,21,3805853.41,70730.27,57844.13,48937.68,31946.42,19964.57,35154.9,36505.99,28587.940000000002,16034,1764,1,0,0,0,0,0,0,25.325714285714284,38.67285714285714,26.677142857142858
2024-05-27,2024,22,3803689.35,57124.95,54188.07,38991.74,20666.67,10548.15,28958.03,21170.28,28759.2,15180,1804,1,0,0,0,0,0,0,25.955714285714286,33.50285714285714,41.16
2024-06-03,2024,23,3824744.88,40310.57,28780.52,23779.11,13992.48,12711.41,18385.58,16515.25,20661.6,14611,1820,1,0,0,0,0,0,0,25.86,35.03857142857142,72.22142857142858
2024-06-10,2024,24,3844430.96,42516.88,39129.79,27724.87,14634.61,7615.62,22723.53,15146.2,22465.13,15342,1819,0,0,0,0,0,0,0,25.38,33.62571428571429,72.75714285714285
2024-06-17,2024,25,3794234.41,55888.85,42798.909999999996,37570.03,18555.96,9866.59,27897.07,28274.32,23269.31,14605,1870,0,0,0,0,0,0,1,25.56714285714286,32.107142857142854,76.94571428571429
2024-06-24,2024,26,3830092.77,49251.72,40909.14,30716.12,17996.99,10893.84,24106.2,20389.76,25187.93,14392,1686,1,0,0,0,0,0,1,25.73,31.061428571428575,71.33
2024-07-01,2024,27,3825807.11,111070.47,101736.84,83693.48,32047.8,22478.89,66822.9,45350.54,52427.81,13086,2555,1,1,0,0,0,1,0,25.444285714285712,28.302857142857142,73.41714285714285
2024-07-08,2024,28,3858964.24,101523.31,67660.29,58704.01,30845.23,17423.62,54739.76,34502.58,40635.58,13459,2570,0,1,0,0,0,1,0,25.402857142857144,32.505714285714284,72.36
2024-07-15,2024,29,3810348.49,72955.33,52026.59,51017.25,28164.63,15893.039999999999,47861.12,24720.41,33130.19,14211,2271,0,1,0,0,0,1,0,23.912857142857145,28.975714285714286,72.55428571428571
2024-07-22,2024,30,3819034.86,89286.75,53513.22,58637.11,24670.85,15009.46,51086.61,30244.100000000002,34941.91,13499,2382,1,1,0,0,0,1,0,23.84857142857143,28.611428571428572,72.79
2024-07-29,2024,31,3806019.59,80398.02,60488.66,52204.1,22813.059999999998,17510.88,43631.11,36075.23,39132.5,11304,2143,1,1,0,0,0,1,0,23.36714285714286,30.05,73.12285714285714
2024-08-05,2024,32,3824691.92,66095.27,58277.47,59873.64,26428.43,18947.44,45268.98,31878.13,39342.69,10260,1613,1,1,0,0,0,1,0,22.454285714285714,31.57,75.08571428571429
2024-08-12,2024,33,3830567.8,57886.01,37973.87,37042.94,20629.02,8402.69,25896.27,22789.78,26946.02,12637,1598,0,1,0,0,0,1,0,21.664285714285715,29.037142857142857,71.20142857142858
2024-08-19,2024,34,3799600.8,54079.93,53264.64,40308.84,21229.8,14787.32,29848.72,22534.36,28582.83,15043,1524,1,0,0,0,0,1,1,20.385714285714286,29.737142857142857,74.89
2024-08-26,2024,35,3800973.37,52780.15,42834.770000000004,30909.15,21027.86,10010.050000000001,25121.15,22846.45,22149.3,13451,1799,1,0,0,0,0,1,1,19.177142857142858,32.690000000000005,66.28285714285714
2024-09-02,2024,36,3781111.61,58056.66,47301.42,39642.23,23801.27,14614.93,30251.14,28632.64,32496.94,16196,2016,1,0,0,0,0,0,0,18.48857142857143,34.00857142857143,24.72285714285714
2024-09-09,2024,37,3801142.42,71061.42,56576.06,42421.73,24851.32,13961.44,38248.1,30976.0,34467.44,16647,1904,0,0,0,0,0,0,0,17.15714285714286,34.00285714285714,28.048571428571428
2024-09-16,2024,38,3827944.92,44137.2,39897.07,29076.5,14208.84,11295.67,26149.98,15798.98,21767.31,14583,1903,0,0,0,0,0,0,0,16.93285714285714,34.129999999999995,29.321428571428573
2024-09-23,2024,39,3815789.25,47322.45,43503.51,38421.35,25239.63,12670.42,27720.370000000003,19959.41,22836.2,15053,1893,1,0,0,0,0,0,0,15.307142857142857,35.36714285714285,29.64714285714286
2024-09-30,2024,40,3792549.03,57326.16,44940.95,41396.39,18497.04,16569.56,27630.27,21733.34,23686.1,15829,1977,1,0,0,0,0,0,0,14.542857142857143,36.09428571428571,29.23
2024-10-07,2024,41,3847312.15,88981.89,75062.33,67678.77,28125.65,15907.109999999999,39859.15,32906.85,39745.89,16942,2139,0,0,0,0,0,0,0,14.324285714285715,41.684285714285714,27.091428571428573
2024-10-14,2024,42,3855770.95,70997.01,53027.79,44360.520000000004,27257.44,17124.88,46666.04,35271.68,38965.48,18362,1923,0,0,0,0,0,0,0,12.665714285714285,42.27857142857143,28.05142857142857
2024-10-21,2024,43,3779037.06,44361.52,36706.36,36682.38,17009.06,12110.6,23485.489999999998,21293.55,27295.41,16494,2054,1,0,0,0,0,0,0,11.748571428571429,43.511428571428574,28.681428571428572
2024-10-28,2024,44,3839398.01,44582.61,40227.22,41340.979999999996,16574.22,9247.59,24690.14,13839.06,29151.1,16804,2224,1,0,0,0,0,0,0,11.42142857142857,45.26428571428571,26.96142857142857
2024-11-04,2024,45,3800732.76,73946.63,50589.87,59334.34,27141.7,20519.89,38352.03,27962.33,46223.87,18981,2583,1,0,0,0,0,0,0,10.531428571428572,45.93714285714285,26.9
2024-11-11,2024,46,3815666.05,106895.02,73108.45,69003.11,33945.38,19765.13,47754.65,39079.05,50315.68,20444,2288,0,0,0,0,0,0,0,9.975714285714286,47.34428571428571,29.9
2024-11-18,2024,47,3832890.93,70665.33,54140.380000000005,60396.93,23745.170000000002,15646.32,33634.36,31810.59,42287.19,14101,2519,0,0,1,0,0,0,0,8.981428571428571,50.107142857142854,29.255714285714287
2024-11-25,2024,48,3814853.84,87248.4,61088.369999999995,80095.71,28159.4,19616.53,48310.78,34493.23,49619.17,11709,2743,1,0,1,1,0,0,0,9.478571428571428,51.53142857142857,29.77857142857143
2024-12-02,2024,49,3819415.42,72586.49,56842.24,51649.37,23264.22,16936.37,30405.63,25038.96,29961.41,15568,3082,1,0,0,1,0,0,0,9.13,55.06857142857143,27.07857142857143
2024-12-09,2024,50,3813141.62,92067.02,67303.91,61550.31,22545.21,15484.64,51189.14,27507.95,42174.53,18333,3088,0,0,0,1,0,0,0,8.471428571428572,53.12714285714286,26.462857142857143
2024-12-16,2024,51,3785479.55,65556.54,52300.44,52666.36,18425.25,15202.61,31378.89,22424.77,35863.62,16661,3016,0,0,0,1,0,1,0,8.101428571428572,58.11857142857143,28.27
2024-12-23,2024,52,3808685.04,95677.3,80083.18,68043.5,34061.9,19306.03,51447.71,43056.78,40802.22,18487,2582,1,0,0,1,0,1,0,9.215714285714286,57.145714285714284,29.682857142857145
2024-12-30,2025,1,1092906.2,53326.35,50865.55,51878.11,28750.11,14765.630000000001,36696.89,31205.77,38128.51,5498,715,1,0,0,0,0,1,0,8.639999999999999,57.225,28.855
